"Arquivo","Hash"
"ANALYTICS_DATA_MODEL.md","D1B3502781EF1910629A606F90BA63DD70C61BB2B1FB3A0B6C192008B612BD50"
"ANALYTICS_ROADMAP.md","45B71F13F1A0BFB5230AA997B538AAF2D131D660C57067EFDEAA02FBD7D98D44"
"ANALYTICS_SECURITY_MODEL.md","9145ED3ADA714C3E8E323E6631CB61FC5BD559CBC498BD0018CCB56B12168FD7"
"ANALYTICS_TEST_PLAN.md","1BE424CC27048B72EE61A25CB9930B581650502D37B0277075371C33EC32CCAD"
"ANALYTICS_UX_SPEC.md","337BD338F783A8886A2DD1853BAC4A2C914E3141B13E765739400BD67BCE133C"
"COMECE_AQUI.md","236F982C50BAFE0586D0F53C5DD229C189CA7FBDC5A05958AADC5EF57ACD9CA4"
"CONSTRUCTION_ARCHITECTURE_V2.md","36695F56236019AA5B92BB0A4C6DC56ACC98C4F7656D6B5336FEE5B7EBC760EA"
"ESTUDOS_EXTERNOS_VALIDACAO_EXPORTACAO_V3.md","3CB67F9F68C288EF57533E7447124367D9E21C68B9C48CCFD5B363BB1501151B"
"IMPLEMENTATION_BLUEPRINT_V2.md","4E537D07BBB89920530F8C132F7EC14F7CB3605E67E71E37CFE1A3B20784273D"
"INDUSTRIAL_ANALYTICS_ARCHITECTURE.md","A53049793FC7D237807D4E8491836E459362D406F4181BA269E445C2B4F23D05"
"INDUSTRIAL_ANALYTICS_RESEARCH.md","924658E4D7EE9827519C933849D47500E7C9C1E040475C60AA88DFF5432A23C2"
"INDUSTRIAL_TOOLS_V2.md","0DE71D5C7C7F85C6B3BDD01B0A06D88633C367915EA13C39B0601C1947D2D0D4"
"LEIA_PRIMEIRO.md","DF73AE281A33FEA3D293B389E4CC820C1728A91076B8C5C50E7C8990221F9AE8"
"MOCKUP_01_INSERCAO_MANUAL_V3.png","4EA602EB548F729BDA33AF0A52C2EFAAA5E0AEC979FBA3470DE27B3AEB3EDD04"
"MOCKUP_02_IMPORTACAO_V3.png","3D575070D877A762FE15FB63D8415BB0CA34FFE61A493FCF0BEF10CFB4FC79BF"
"MOCKUP_03_VALIDACAO_SEPARADA_V3.png","0960DD22C86266BA56259A3AA407DF1E3E41AF1BA8F1529C95147CCD5F9DE347"
"MOCKUP_04_ESTUDO_EXTERNO_V3.png","398CCDAB84AD307C3B0860BC2FB5E8865D8815CD3DD9BFDB9756E520548F40FC"
"MOCKUP_05_INTEGRACAO_FONTES_V3.png","2E07CF29F15DDDD31A32DEED283A211E9E0F75E078A68EF6B6E3DB2747094978"
"MOCKUP_06_EXPORTACAO_V3.png","37A8985F3DC4B49942B8BBBE55105F47495DCB2974528BA32BFFF14D654A707C"
"MOCKUP_EVIDENCE_V2.png","C8D56742E2CEE5DEADCE9031C4C203670F239E17FD85FFC8C24DA6F579C27BC6"
"MOCKUP_GALLERY_V2.md","DB50E2B49669462D9BE5FEEE6D61264E9AC7C9E583F22D6ABAEDE4019BDBD7C6"
"MOCKUP_GALLERY_V3.md","604FB28DFF4A9E44A7F0F710D60A5BC3A67B9D2C98AD0AEA28C3BAD76DA407DC"
"MOCKUP_MAINTENANCE_STOCK_V2.png","A0A97A2CB626E0A248930C5774BF427E7B992C0801895D415365A7FB01E4E46B"
"MOCKUP_PROMPT.md","64306EEFF7785C1CD4E2204B6CFEDEBF7BCA890DE5C4512F4BF36A63CE7DCA80"
"MOCKUP_PROMPTS_V2.md","9C649D9DC277C2A52CF7555708F8360DB5AFE4E433B65ECE03078A41C0BBF783"
"MOCKUP_PROMPTS_V3.md","25625DD715EC6C56AEF7FA2F0788A72180DFB9FD7C4C997A0AF57819BA8E81F9"
"MOCKUP_RELIABILITY_STUDIO.png","F2BD2F6CBDF49BFC116272E13AEEDB0659BCC9404E4B9E4930B5BDCF9FBD93F6"
"MOCKUP_STUDY_BUILDER_V2.png","6532B16DC2CA674103B77C9E119CA15D9421AA1E5EA1D6D1F85252DBD29A1EE2"
"STATISTICAL_CAPABILITY_MATRIX.md","B5B33396C01EEE67C889BEA00517C357FB218529BB38B12A8E043C2814373F5D"
